{
    "name": "root",
    "gauges": {
        "MazeAgent.Policy.Entropy.mean": {
            "value": 0.6189096570014954,
            "min": 0.6189096570014954,
            "max": 2.1629412174224854,
            "count": 10
        },
        "MazeAgent.Policy.Entropy.sum": {
            "value": 30960.955078125,
            "min": 30960.955078125,
            "max": 109552.96875,
            "count": 10
        },
        "MazeAgent.Environment.EpisodeLength.mean": {
            "value": 12.257824933687003,
            "min": 12.257824933687003,
            "max": 43.952684258416745,
            "count": 10
        },
        "MazeAgent.Environment.EpisodeLength.sum": {
            "value": 46212.0,
            "min": 46212.0,
            "max": 48879.0,
            "count": 10
        },
        "MazeAgent.Step.mean": {
            "value": 499992.0,
            "min": 49997.0,
            "max": 499992.0,
            "count": 10
        },
        "MazeAgent.Step.sum": {
            "value": 499992.0,
            "min": 49997.0,
            "max": 499992.0,
            "count": 10
        },
        "MazeAgent.Policy.ExtrinsicValueEstimate.mean": {
            "value": 0.9407423138618469,
            "min": -0.19536638259887695,
            "max": 0.9407721161842346,
            "count": 10
        },
        "MazeAgent.Policy.ExtrinsicValueEstimate.sum": {
            "value": 3547.539306640625,
            "min": -278.20172119140625,
            "max": 3547.539306640625,
            "count": 10
        },
        "MazeAgent.Environment.CumulativeReward.mean": {
            "value": 1.0,
            "min": -0.9717668488160291,
            "max": 1.0,
            "count": 10
        },
        "MazeAgent.Environment.CumulativeReward.sum": {
            "value": 3771.0,
            "min": -1067.0,
            "max": 3771.0,
            "count": 10
        },
        "MazeAgent.Policy.ExtrinsicReward.mean": {
            "value": 1.0,
            "min": -0.9717668488160291,
            "max": 1.0,
            "count": 10
        },
        "MazeAgent.Policy.ExtrinsicReward.sum": {
            "value": 3771.0,
            "min": -1067.0,
            "max": 3771.0,
            "count": 10
        },
        "MazeAgent.Losses.PolicyLoss.mean": {
            "value": 0.024473569247250755,
            "min": 0.019547207203383248,
            "max": 0.026197140365839,
            "count": 10
        },
        "MazeAgent.Losses.PolicyLoss.sum": {
            "value": 0.12236784623625378,
            "min": 0.07818882881353299,
            "max": 0.130985701829195,
            "count": 10
        },
        "MazeAgent.Losses.ValueLoss.mean": {
            "value": 0.00010050984720389049,
            "min": 0.00010050984720389049,
            "max": 0.6395628007128835,
            "count": 10
        },
        "MazeAgent.Losses.ValueLoss.sum": {
            "value": 0.0005025492360194525,
            "min": 0.00043987276221741923,
            "max": 2.558251202851534,
            "count": 10
        },
        "MazeAgent.Policy.LearningRate.mean": {
            "value": 1.6963894345400004e-05,
            "min": 1.6963894345400004e-05,
            "max": 0.00028460235513255,
            "count": 10
        },
        "MazeAgent.Policy.LearningRate.sum": {
            "value": 8.481947172700002e-05,
            "min": 8.481947172700002e-05,
            "max": 0.0012841026719658,
            "count": 10
        },
        "MazeAgent.Policy.Epsilon.mean": {
            "value": 0.1056546,
            "min": 0.1056546,
            "max": 0.19486745000000003,
            "count": 10
        },
        "MazeAgent.Policy.Epsilon.sum": {
            "value": 0.528273,
            "min": 0.4595232,
            "max": 0.9280342000000003,
            "count": 10
        },
        "MazeAgent.Policy.Beta.mean": {
            "value": 0.0002921645400000001,
            "min": 0.0002921645400000001,
            "max": 0.004743885755,
            "count": 10
        },
        "MazeAgent.Policy.Beta.sum": {
            "value": 0.0014608227000000005,
            "min": 0.0014608227000000005,
            "max": 0.021408906579999998,
            "count": 10
        },
        "MazeAgent.IsTraining.mean": {
            "value": 1.0,
            "min": 1.0,
            "max": 1.0,
            "count": 10
        },
        "MazeAgent.IsTraining.sum": {
            "value": 1.0,
            "min": 1.0,
            "max": 1.0,
            "count": 10
        }
    },
    "metadata": {
        "timer_format_version": "0.1.0",
        "start_time_seconds": "1664095443",
        "python_version": "3.7.13 (default, Mar 28 2022, 08:03:21) [MSC v.1916 64 bit (AMD64)]",
        "command_line_arguments": "C:\\Users\\xiang\\anaconda3\\envs\\ml-agents\\Scripts\\mlagents-learn --run-id=MazeTest2 --force",
        "mlagents_version": "0.28.0",
        "mlagents_envs_version": "0.28.0",
        "communication_protocol_version": "1.5.0",
        "pytorch_version": "1.7.1+cu110",
        "numpy_version": "1.21.6",
        "end_time_seconds": "1664095960"
    },
    "total": 517.257384,
    "count": 1,
    "self": 0.008105600000021695,
    "children": {
        "run_training.setup": {
            "total": 0.09461899999999979,
            "count": 1,
            "self": 0.09461899999999979
        },
        "TrainerController.start_learning": {
            "total": 517.1546594,
            "count": 1,
            "self": 1.035121500003811,
            "children": {
                "TrainerController._reset_env": {
                    "total": 8.037662000000001,
                    "count": 1,
                    "self": 8.037662000000001
                },
                "TrainerController.advance": {
                    "total": 508.0051793999962,
                    "count": 40885,
                    "self": 0.8270678000068301,
                    "children": {
                        "env_step": {
                            "total": 314.024921399994,
                            "count": 40885,
                            "self": 229.93041249999737,
                            "children": {
                                "SubprocessEnvManager._take_step": {
                                    "total": 83.47445410000071,
                                    "count": 40885,
                                    "self": 1.7619651999996222,
                                    "children": {
                                        "TorchPolicy.evaluate": {
                                            "total": 81.71248890000109,
                                            "count": 20008,
                                            "self": 30.99426879999988,
                                            "children": {
                                                "TorchPolicy.sample_actions": {
                                                    "total": 50.71822010000121,
                                                    "count": 20008,
                                                    "self": 50.71822010000121
                                                }
                                            }
                                        }
                                    }
                                },
                                "workers": {
                                    "total": 0.6200547999959252,
                                    "count": 40885,
                                    "self": 0.0,
                                    "children": {
                                        "worker_root": {
                                            "total": 508.8881720000009,
                                            "count": 40885,
                                            "is_parallel": true,
                                            "self": 333.4762765000024,